{"l": 0.03728327061876499, "o": 0.060397814922011614, "m": 0.02031525726886566, "i": 0.05706034008850792, "n": 0.05722019785062358, "g": 0.018158065578982613, "s": 0.05592179758277302, "c": 0.019506199372824714, "a": 0.06767045499959591, " ": 0.17146077134922616, "e": 0.10186847080952859, "h": 0.05465625696602401, "y": 0.014714907002746889, "r": 0.045235306185340864, "v": 0.00747157418155046, "d": 0.033377412631072266, "w": 0.01930193667678803, "p": 0.01491561730406989, "t": 0.07658963002697156, "u": 0.023222892342013905, "b": 0.014706914114641105, "f": 0.018138527408057364, "z": 0.0005683831541890283, "q": 0.0013676719647673493, "k": 0.007038182026481326, "x": 0.0008934272704908787, "j": 0.0009396084017687373}