{"lo": 0.00306305234187181, "ol": 0.0020985771771073027, "oo": 0.0024582571418675474, "om": 0.0035150945691877714, "mi": 0.0014751319048562123, "in": 0.017298386058271706, "ng": 0.008752212475832615, "gs": 0.000634990555070555, "sc": 0.0008552390273188034, "ca": 0.0027797488634557165, "al": 0.007016867658199238, "ll": 0.005265537064354294, "l ": 0.0050142051383613336, " m": 0.006593244588592727, "me": 0.005073707749815497, "e ": 0.032832120042522166, " i": 0.011706916778937142, "is": 0.007436938333092067, "sh": 0.003076373822048115, "hm": 7.19359929520489e-05, "ma": 0.0035257517533288157, "ae": 4.5293032599438185e-05, "el": 0.003715804870510772, " s": 0.014174943006267312, "so": 0.0031669598872469916, " y": 0.0020239768881199927, "ye": 0.0014698033127856901, "ea": 0.005863227474931195, "ar": 0.006840136021193587, "rs": 0.0024156284053033703, "s ": 0.02141561153142848, " a": 0.019245098361369128, "ag": 0.00131971463613265, "go": 0.001152752084589623, "o ": 0.006960029342780335, " n": 0.003769978889894414, "ne": 0.0047069229956278906, "ev": 0.0017415615083823193, "ve": 0.005012428941004493, "er": 0.012985778875862455, "r ": 0.008724681416801584, "nd": 0.009597682417688795, "d ": 0.018339237709380365, " h": 0.010965354382456143, "ho": 0.003992891658177924, "ow": 0.0036136735224924312, "w ": 0.0020612770326136477, " l": 0.0046101202396800715, "on": 0.008076369381554723, "g ": 0.006809940666127294, " p": 0.004618113127785855, "pr": 0.0015461797991298408, "re": 0.010245106354257235, "ec": 0.001997333927767382, "ci": 0.0010239777762186713, "se": 0.005899639520746429, "ly": 0.003264650741873231, "yh": 8.259317709309317e-05, "ha": 0.009991110132229012, "av": 0.0014804604969267344, "vi": 0.001292183577101619, "li": 0.004049729973596827, "it": 0.0068907576458635475, "tt": 0.001467139016750429, "tl": 0.0010683827101396891, "le": 0.007301059235293752, " o": 0.011525744648539388, "or": 0.007008874770093454, "no": 0.0037815241727138784, "mo": 0.0025568360951722068, "ey": 0.0011012423612412423, "y ": 0.009551501286410935, "n ": 0.013217572630930168, "my": 0.0006802835876699932, "pu": 0.0005159853321622272, "ur": 0.002691827094292101, "an": 0.013211355940181226, "ot": 0.0027246867453936544, "th": 0.02751684945217633, "hi": 0.008398749201821314, "pa": 0.0016145633973682083, "rt": 0.0022095895119098475, "ti": 0.004505324595626469, "ic": 0.0024156284053033703, "cu": 0.0007957364158646395, "ul": 0.0022424491630114005, "la": 0.003227350597379576, " t": 0.028479548419583996, "to": 0.006420953444979179, "oi": 0.0007202480281989092, "nt": 0.005266425163032715, "te": 0.006182054900484102, "es": 0.007898749645870652, "st": 0.007866778093447518, "t ": 0.018091458178101084, "i ": 0.0016873874889986775, "ou": 0.007312604518113217, "ug": 0.001177618847585393, "gh": 0.002480459608828056, "ht": 0.0015959133251213808, " w": 0.011508870773649402, "wo": 0.0015088796546361858, "ld": 0.002126996334816754, "sa": 0.002128772532173595, "ai": 0.0029920044475981815, "il": 0.003306391379758988, "ab": 0.0017717568634486114, "bo": 0.002120779644067812, "ut": 0.00361100922645717, "a ": 0.004198042452893026, "ee": 0.0041491970255799066, "et": 0.0031216668546475536, "he": 0.023118096697960305, "wa": 0.0034449347735925635, "at": 0.00898667052693559, "ry": 0.0014147411947236282, "of": 0.00637654851105816, "f ": 0.00637477231370132, "rl": 0.0005497330819422008, "ay": 0.001855238139220125, " d": 0.004496443608842266, "dr": 0.000724688521591011, "ri": 0.0037388954361497013, "iv": 0.0011918284264401187, "ff": 0.000724688521591011, "sp": 0.0016278848775445136, "pl": 0.0010994661638844016, "en": 0.007856120909306475, " r": 0.0029369423295361194, "eg": 0.0009396084017687373, "gu": 0.0003658966555091869, " c": 0.006211362156871974, "ir": 0.002195379933055122, "rc": 0.000557725970047984, "io": 0.0018374761656517178, "wh": 0.004997331263471347, " f": 0.006538182470530666, "fi": 0.0016252205815092526, "ys": 0.0006962693638815597, "lf": 0.0005728236475811301, " g": 0.0027300153374641765, "gr": 0.0010417397497870784, "ro": 0.004196266255536185, "wi": 0.003060388045836549, "gg": 0.0002850796757729345, "im": 0.0024840120035417375, "m ": 0.00326287454451639, "h ": 0.005095910216776006, "da": 0.0011420949004485787, "am": 0.0016465349497913411, "mp": 0.0009831252370113349, "p ": 0.001427174576221513, "iz": 0.00021136748546404487, "zz": 3.818824317207534e-05, "zl": 1.9538170925247848e-05, "ov": 0.0009129654414161266, "em": 0.002248665853760343, "mb": 0.00042628736564177117, "be": 0.0035523947136814264, "nv": 0.0002504438273145406, "vo": 0.00043872074713965616, "lu": 0.0006625216141015861, "un": 0.002831258586804097, "ta": 0.0032033719330622264, "au": 0.0005017757533075015, "us": 0.002733567732177858, "si": 0.0025888076475953396, " b": 0.00868826937098635, "ef": 0.0009564822766587241, "fo": 0.002936054230857699, "co": 0.0032140291172032707, "nw": 0.00020337459735826166, "eh": 0.00046358751013542615, "br": 0.0008223793762172502, "gi": 0.0007682053568336084, " u": 0.002081703302217316, "up": 0.0013365885110226368, " e": 0.0030053259277744867, "fu": 0.0006589692193879047, "ra": 0.003082590512797058, "de": 0.004395200359502345, "pe": 0.003025752197378155, "ia": 0.0008632319154245866, "hy": 0.00032326791894500984, "yp": 9.41384599125578e-05, "po": 0.0021722893674161925, "os": 0.0019271741321721738, "ge": 0.0019618099806305678, "su": 0.0016927160810691997, "uc": 0.001217583288114309, "ch": 0.0031412050255728015, "pp": 0.0007078146467010243, "tr": 0.0018889858890000985, "eq": 0.0005266425163032715, "qu": 0.001366783866088929, "ui": 0.0004751327929548908, "nc": 0.002114562953318869, "ip": 0.0010088800986855252, "fr": 0.0013907625304062786, "ib": 0.00045737081938648365, "ep": 0.0010435159471439191, "pi": 0.0010790398942807334, "od": 0.0013126098467052872, "di": 0.0024582571418675474, " k": 0.0007362338044104756, "kn": 0.0004999995559506608, "oc": 0.0006705145022073693, "ck": 0.0018339237709380364, "ki": 0.0008774414942793123, "eo": 0.0003472465832623595, "op": 0.0009076368493456044, "ts": 0.0021003533744641434, "ac": 0.0022024847224824846, "cc": 0.0003072821427334434, "ig": 0.001947600401775842, "as": 0.0062539908934361515, "ub": 0.0006634097127800065, "bs": 0.00036500855683076655, "tu": 0.0015479559964866815, "ba": 0.0008445818431777591, "ph": 0.00029484876123555843, "fl": 0.0007388981004457367, "hr": 0.0007113670414147057, "ws": 0.0003490227806192002, "ms": 0.0006127880881100461, "sw": 0.0005603902660832451, "rd": 0.0016278848775445136, " q": 0.0005488449832637804, "ie": 0.0017477781991312618, "ak": 0.000916517836129808, "ke": 0.002417404602660211, "rp": 0.0006047952000042629, "if": 0.0011385425057348973, "bu": 0.0023268185374613346, "ew": 0.001050620736571282, "lm": 0.0003703371489012887, "ei": 0.0014005316158689025, " v": 0.0012033737092595833, "yn": 3.197155242313284e-05, "fe": 0.0012229118801848312, "ds": 0.001329483721595274, "ce": 0.002978682967421876, "yo": 0.0012539953339295437, "ns": 0.0024280617868012552, "ty": 0.0008454699418561795, "nh": 0.00016074586079408456, "oe": 0.00033747749779973555, "lt": 0.0005159853321622272, "ed": 0.008198038900498313, "by": 0.0011953808211538001, "yw": 8.880986784203567e-05, "rv": 0.00029662495859239914, "sl": 0.0007335695083752145, "fs": 9.769085462623922e-05, "mm": 0.0005026638519859219, "rr": 0.0007433385938378385, "hh": 4.262873656417712e-05, "rf": 0.00018738882114669524, "ft": 0.0009582584740155648, "u ": 0.0009626989674076666, "rw": 0.00019538170925247845, "ex": 0.0006687383048505286, "xt": 0.00018561262378985453, "do": 0.0015701584634471904, "wn": 0.0008801057903145734, "ob": 0.0005337473057306344, "bl": 0.0016776184035360536, "ez": 5.683831541890282e-05, "ze": 0.00025754861674190345, "we": 0.0023641186819549896, "  ": 0.0023898735436291797, "ok": 0.0007992888105783209, "k ": 0.001996445829088962, "cr": 0.001162521170052247, "wd": 5.772641409732318e-05, "rg": 0.0003783300370070719, "ga": 0.0010808160916375741, "az": 0.00016518635418618635, "um": 0.0007193599295204888,